ID,SKU,Imagem,Produto,Modelo,Categorias,Pontos,Preço,Quantidade,Produto Destacado,Situação,Etiquetas
13,13,https://s3-sa-east-1.amazonaws.com/public-http-files/UploadArquivo/Arquivos/all_in_esp_br/catalog/7754-classic-all-black-1.png,ALL CLASSIC ALL BLACK,13,,,"R$489,00",278,Sim,Habilitado,
14,14,https://s3-sa-east-1.amazonaws.com/public-http-files/UploadArquivo/Arquivos/all_in_esp_br/catalog/1198-folder-2023.jpeg,FOLDERS                                                                                         KIT,14,,,"R$120,00",60,Não,Habilitado,
19,19,https://s3-sa-east-1.amazonaws.com/public-http-files/UploadArquivo/Arquivos/all_in_esp_br/catalog/2792-casual-black-1.png,CASUALL BLACK,19,,,"R$469,00",50,Sim,Habilitado,
22,22,https://s3-sa-east-1.amazonaws.com/public-http-files/UploadArquivo/Arquivos/all_in_esp_br/catalog/4569-bumper-white-1-.png,BUMPER WHITE,22,,,"R$499,00",82,Sim,Habilitado,
23,23,https://s3-sa-east-1.amazonaws.com/public-http-files/UploadArquivo/Arquivos/all_in_esp_br/catalog/3145-bumper-black-2.png,BUMPER BLACK,23,,,"R$499,00",91,Sim,Habilitado,
300,300,https://s3-sa-east-1.amazonaws.com/public-http-files/UploadArquivo/Arquivos/all_in_esp_br/catalog/9976-casual-grey-2.png,CASUALL GREY,243,,,"R$469,00",60,Sim,Habilitado,
25,25,https://s3-sa-east-1.amazonaws.com/public-http-files/UploadArquivo/Arquivos/all_in_esp_br/catalog/4077-carrinho-1.png,MALA MOSTRUARIO CARRINHO,25,,,"R$799,00",19,Sim,Habilitado,
29,29,https://s3-sa-east-1.amazonaws.com/public-http-files/UploadArquivo/Arquivos/all_in_esp_br/catalog/7506-photo_2021-10-05_14-38-11.jpg,SENSOR DE ENERGIA MAGNETICA,29,,,"R$320,00",0,Sim,Habilitado,
38,38,https://s3-sa-east-1.amazonaws.com/public-http-files/UploadArquivo/Arquivos/all_in_esp_br/catalog/5118-classic-linho-1.png,ALL CLASSIC LINHO RECICLADO,38,,,"R$489,00",109,Sim,Habilitado,
47,47,https://s3-sa-east-1.amazonaws.com/public-http-files/UploadArquivo/Arquivos/all_in_esp_br/catalog/8321-tapete-all-in.png,TAPETE DE DEMONSTRACAO,47,,,"R$200,00",13,Sim,Habilitado,
52,52,https://s3-sa-east-1.amazonaws.com/public-http-files/UploadArquivo/Arquivos/all_in_esp_br/catalog/5503-img_4850.jpeg,BONE ALL-IN CLARO,52,,,"R$44,50",61,Sim,Habilitado,
53,53,https://s3-sa-east-1.amazonaws.com/public-http-files/UploadArquivo/Arquivos/all_in_esp_br/catalog/6952-foto-palmilha.jpg,PALMILHA CONFORTPLUS,53,,,"R$69,00",361,Sim,Habilitado,
6,6,https://s3-sa-east-1.amazonaws.com/public-http-files/UploadArquivo/Arquivos/all_in_esp_br/catalog/8419-branco1cortt.jpg,ALL CLASSIC BRANCO OFF WHITE,6,,,"R$489,00",47,Sim,Habilitado,
74,74,https://s3-sa-east-1.amazonaws.com/public-http-files/UploadArquivo/Arquivos/all_in_esp_br/catalog/8261-total-black.png,ALL SPORT TOTAL BLACK,74,,,"R$439,00",6,Sim,Habilitado,
8,8,https://s3-sa-east-1.amazonaws.com/public-http-files/UploadArquivo/Arquivos/all_in_esp_br/catalog/2953-classic-azul-2.png,ALL CLASSIC AZUL,8,,,"R$489,00",10,Sim,Habilitado,
9,9,https://s3-sa-east-1.amazonaws.com/public-http-files/UploadArquivo/Arquivos/all_in_esp_br/catalog/6120-classic-preto-1.png,ALL CLASSIC PRETO,9,,,"R$489,00",366,Sim,Habilitado,
271,271,https://s3-sa-east-1.amazonaws.com/public-http-files/UploadArquivo/Arquivos/all_in_esp_br/catalog/2127-moleskini.png,"Caderneta All-in *R$ 59,00*",agenda,,,"R$118,00",15,Não,Habilitado,
297,297,https://s3-sa-east-1.amazonaws.com/public-http-files/UploadArquivo/Arquivos/all_in_esp_br/catalog/3853-pack-sacolas-allin.jpeg,KIT SACOLA,P.000235,,,"R$149,00",48,Sim,Habilitado,
303,303,https://s3-sa-east-1.amazonaws.com/public-http-files/UploadArquivo/Arquivos/all_in_esp_br/catalog/2127-moleskini.png,CADERNETA,P.000287,,,"R$118,00",13,Não,Habilitado,
308,308,https://s3-sa-east-1.amazonaws.com/public-http-files/UploadArquivo/Arquivos/all_in_esp_br/catalog/2342-cloud-chinelo-rose-1.png,CHINELO CONFORTO ROSE,P.000299,,,"R$199,00",68,Sim,Habilitado,
309,309,https://s3-sa-east-1.amazonaws.com/public-http-files/UploadArquivo/Arquivos/all_in_esp_br/catalog/2559-cloud-chinelo-preto-1.png,CHINELO CONFORTO PRETO FEM,P.000300,,,"R$199,00",65,Sim,Habilitado,
314,314,https://s3-sa-east-1.amazonaws.com/public-http-files/UploadArquivo/Arquivos/all_in_esp_br/catalog/2216-meias-preta.png,MEIA ALLIN EMANA PRETA CANO CURTO,P.000338,,,"R$129,00",67,Sim,Habilitado,
315,315,https://s3-sa-east-1.amazonaws.com/public-http-files/UploadArquivo/Arquivos/all_in_esp_br/catalog/3610-meias-brancas-alta.png,MEIA ALLIN EMANA BRANCA CANO CURTO,P.000338,,,"R$129,00",71,Sim,Habilitado,
316,316,https://s3-sa-east-1.amazonaws.com/public-http-files/UploadArquivo/Arquivos/all_in_esp_br/catalog/9194-meias-curtas-preta.png,MEIA ALLIN EMANA PRETA INVISIVEL,P.000338,,,"R$99,90",115,Sim,Habilitado,
317,317,https://s3-sa-east-1.amazonaws.com/public-http-files/UploadArquivo/Arquivos/all_in_esp_br/catalog/4013-meias-brancas.png,MEIA ALLIN EMANA BRANCA INVISIVEL,P.000338,,,"R$99,90",134,Sim,Habilitado,
323,323,https://s3-sa-east-1.amazonaws.com/public-http-files/UploadArquivo/Arquivos/all_in_esp_br/catalog/5793-imagem-do-whatsapp-de-2024-09-02-as-15.11.05_49216b9a.jpg,MANTA ATIVA SOLTEIRO,P.000363,,,"R$438,00",34,Sim,Habilitado,
324,324,https://s3-sa-east-1.amazonaws.com/public-http-files/UploadArquivo/Arquivos/all_in_esp_br/catalog/5793-imagem-do-whatsapp-de-2024-09-02-as-15.11.05_49216b9a.jpg,MANTA ATIVA CASAL,P.000364,,,"R$590,00",38,Sim,Habilitado,
325,325,https://s3-sa-east-1.amazonaws.com/public-http-files/UploadArquivo/Arquivos/all_in_esp_br/catalog/5793-imagem-do-whatsapp-de-2024-09-02-as-15.11.05_49216b9a.jpg,MANTA ATIVA QUEEN,P.000365,,,"R$678,00",20,Sim,Habilitado,
326,326,https://s3-sa-east-1.amazonaws.com/public-http-files/UploadArquivo/Arquivos/all_in_esp_br/catalog/5793-imagem-do-whatsapp-de-2024-09-02-as-15.11.05_49216b9a.jpg,MANTA ATIVA KING,P.000366,,,"R$766,00",24,Sim,Habilitado,
327,327,https://s3-sa-east-1.amazonaws.com/public-http-files/UploadArquivo/Arquivos/all_in_esp_br/catalog/9311-legging-emana-1.png,LEGGING EMANA P,P.000367,,,"R$349,00",4,Sim,Habilitado,
328,328,https://s3-sa-east-1.amazonaws.com/public-http-files/UploadArquivo/Arquivos/all_in_esp_br/catalog/9297-legging-emana-3.png,LEGGING EMANA M,P.000368,,,"R$349,00",10,Sim,Habilitado,
329,329,https://s3-sa-east-1.amazonaws.com/public-http-files/UploadArquivo/Arquivos/all_in_esp_br/catalog/6027-imagem-do-whatsapp-de-2024-09-23-as-15.19.17_74f0e5c7.jpg,LEGGING EMANA G,P.000369,,,"R$349,00",19,Sim,Habilitado,
330,330,https://s3-sa-east-1.amazonaws.com/public-http-files/UploadArquivo/Arquivos/all_in_esp_br/catalog/6027-imagem-do-whatsapp-de-2024-09-23-as-15.19.17_74f0e5c7.jpg,LEGGING EMANA GG,P.000370,,,"R$349,00",0,Sim,Habilitado,
331,331,https://s3-sa-east-1.amazonaws.com/public-http-files/UploadArquivo/Arquivos/all_in_esp_br/catalog/4418-calca-skinny-emana-1.png,CALÇA SKINNY EMANA P,P.000371,,,"R$459,00",16,Sim,Habilitado,
332,332,https://s3-sa-east-1.amazonaws.com/public-http-files/UploadArquivo/Arquivos/all_in_esp_br/catalog/4579-calca-skinny-emana-3.png,CALÇA SKINNY EMANA M,P.000372,,,"R$459,00",15,Sim,Habilitado,
333,333,https://s3-sa-east-1.amazonaws.com/public-http-files/UploadArquivo/Arquivos/all_in_esp_br/catalog/5724-calca-skinny-emana-2.png,CALÇA SKINNY EMANA G,P.000373,,,"R$459,00",8,Sim,Habilitado,
334,334,https://s3-sa-east-1.amazonaws.com/public-http-files/UploadArquivo/Arquivos/all_in_esp_br/catalog/3951-calca.jpg,CALÇA SKINNY EMANA GG,P.000374,,,"R$459,00",3,Sim,Habilitado,
335,335,https://s3-sa-east-1.amazonaws.com/public-http-files/UploadArquivo/Arquivos/all_in_esp_br/catalog/8432-sport-balance-preto-1.png,SPORT BALANCE PRETO,P.000375,,,"R$519,00",265,Sim,Habilitado,
336,336,https://s3-sa-east-1.amazonaws.com/public-http-files/UploadArquivo/Arquivos/all_in_esp_br/catalog/1404-sport-balance-nude-1.png,SPORT BALANCE NUDE,P.000376,,,"R$519,00",76,Sim,Habilitado,
337,337,https://s3-sa-east-1.amazonaws.com/public-http-files/UploadArquivo/Arquivos/all_in_esp_br/catalog/1427-brancaa.jpg,FAIXA DE CABEÇA BRANCA,P.000377,,,"R$59,99",26,Sim,Habilitado,
338,338,https://s3-sa-east-1.amazonaws.com/public-http-files/UploadArquivo/Arquivos/all_in_esp_br/catalog/2282-pretaa.jpg,FAIXA DE CABEÇA PRETA,P.000378,,,"R$59,99",17,Sim,Habilitado,
339,339,https://s3-sa-east-1.amazonaws.com/public-http-files/UploadArquivo/Arquivos/all_in_esp_br/catalog/8440-begee.jpg,FAIXA DE CABEÇA BEGE,P.000379,,,"R$59,99",56,Sim,Habilitado,
340,340,https://s3-sa-east-1.amazonaws.com/public-http-files/UploadArquivo/Arquivos/all_in_esp_br/catalog/7978-cloud-chinelo-azul-1.png,CLOUD CHINELO AZUL FEMININO,P.000410,,,"R$199,00",4,Sim,Habilitado,
341,341,https://s3-sa-east-1.amazonaws.com/public-http-files/UploadArquivo/Arquivos/all_in_esp_br/catalog/6742-cloud-tiras-preto-1.png,CLOUD TIRAS PRETO FEMININO,P.000411,,,"R$199,00",89,Sim,Habilitado,
348,348,https://s3-sa-east-1.amazonaws.com/public-http-files/UploadArquivo/Arquivos/all_in_esp_br/catalog/6977-nude-reto.png,BASIC NUDE,P.000465,,,"R$399,00",0,Sim,Habilitado,
349,349,https://s3-sa-east-1.amazonaws.com/public-http-files/UploadArquivo/Arquivos/all_in_esp_br/catalog/3966-basic-preto01.png,BASIC PRETO,P.000466,,,"R$399,00",63,Sim,Habilitado,
350,350,https://s3-sa-east-1.amazonaws.com/public-http-files/UploadArquivo/Arquivos/all_in_esp_br/catalog/1176-balance-novo-black.png,SPORT BALANCE BLACK,P.000494,,,"R$519,00",0,Sim,Habilitado,
351,351,https://s3-sa-east-1.amazonaws.com/public-http-files/UploadArquivo/Arquivos/all_in_esp_br/catalog/2173-balance-laranja-2.png,SPORT BALANCE LARANJA,P.000495,,,"R$519,00",148,Sim,Habilitado,
354,354,https://s3-sa-east-1.amazonaws.com/public-http-files/UploadArquivo/Arquivos/all_in_esp_br/catalog/4999-caaa.jpeg,CASUALL ULTRA BLACK,P.000584,,,"R$489,00",83,Sim,Habilitado,
357,357,https://s3-sa-east-1.amazonaws.com/public-http-files/UploadArquivo/Arquivos/all_in_esp_br/catalog/1911-essence-01-1.jpg,ALL ESSENCE PRETO,P.000597,,,"R$499,00",98,Sim,Habilitado,
360,360,https://s3-sa-east-1.amazonaws.com/public-http-files/UploadArquivo/Arquivos/all_in_esp_br/catalog/NEW-CLASSIC/7470-cinza-3.png,NEW CLASSIC  LAMINADO,P.000609,,,"R$489,00",268,Sim,Habilitado,
358,358,https://s3-sa-east-1.amazonaws.com/public-http-files/UploadArquivo/Arquivos/all_in_esp_br/catalog/NEW-CLASSIC/2438-areia-1.png,NEW CLASSIC  AREIA,P.000610,,,"R$489,00",173,Sim,Habilitado,
359,359,https://s3-sa-east-1.amazonaws.com/public-http-files/UploadArquivo/Arquivos/all_in_esp_br/catalog/NEW-CLASSIC/8972-brisa-3.png,NEW CLASSIC BRISA,P.000611,,,"R$489,00",134,Sim,Habilitado,
355,355,https://s3-sa-east-1.amazonaws.com/public-http-files/UploadArquivo/Arquivos/all_in_esp_br/catalog/3610-meias-brancas-alta.png,MEIA CANO LONGO COMPRESSAO FIO EMANA - ALL IN  BRANCO,P.000618,,,"R$129,00",15,Sim,Habilitado,
356,356,https://s3-sa-east-1.amazonaws.com/public-http-files/UploadArquivo/Arquivos/all_in_esp_br/catalog/2216-meias-preta.png,MEIA CANO LONGO COMPRESSAO FIO EMANA - ALL IN PRETO / 3843,P.000619,,,"R$129,00",20,Sim,Habilitado,
362,362,https://s3-sa-east-1.amazonaws.com/public-http-files/UploadArquivo/Arquivos/all_in_esp_br/catalog/LANcAMENTO-2026/9226-foto-site-1.jpg,SPORT BALANCE NEON,P.000630,,,"R$519,00",252,Sim,Habilitado,
361,361,https://s3-sa-east-1.amazonaws.com/public-http-files/UploadArquivo/Arquivos/all_in_esp_br/catalog/Tenis-Masculinos/4976-foto-site-1.png,CLOUD CHINELO BRANCO OFF FEMININO	,P.000657,,,"R$199,00",157,Sim,Habilitado,